site,pubs,hits,weighted_score,pre-2010,2010-2014,2015-2019,2020-2026,lat,lon,type,files
Transantarctic Mountains,48,200,106.1,10,14,8,6,-85.0,-175.0,Mountain,ATCM39_ATT042_2016_Geoconservation_Attachment|ATCM39_IP031_2016_Antarctic_Geoconservation_Review|ATCM43_Att-A_2021_Method_Identification_Antarctic_Geological_Sites|POLAR2018_abstracts|SCAR_OSC_2012_abstracts|SCAR_OSC_2014_COMNAP_abstracts|SCAR_OSC_2016_abstracts|SCAR_OSC_2020_abstracts|SCAR_OSC_2022_abstracts|SCAR_OSC_2024_Pucon_abstracts|openalex_advances_polar_sci_2019_10.13679_j.advps.2019.1.00052|openalex_antarctic_science_2010_10.1017_s0954102010000167|openalex_antarctic_science_2010_10.1017_s0954102010000799|openalex_antarctic_science_2010_10.1017_s0954102010000866|openalex_antarctic_science_2011_10.1017_s0954102011000241|openalex_antarctic_science_2011_10.1017_s0954102011000460|openalex_antarctic_science_2013_10.1017_s0954102013000072|openalex_antarctic_science_2013_10.1017_s0954102013000461|openalex_antarctic_science_2013_10.1017_s0954102013000746|openalex_antarctic_science_2014_10.1017_s0954102014000261|openalex_antarctic_science_2014_10.1017_s0954102014000315|openalex_antarctic_science_2016_10.1017_s0954102016000456|openalex_antarctic_science_2020_10.1017_s0954102020000346|openalex_antarctic_science_2022_10.1017_s0954102022000013|openalex_antarctic_science_2024_10.1017_s0954102024000348|openalex_antarctic_science_2026_10.1017_s0954102026100613|openalex_epsl_2004_10.1016_s0012-821x_04_00066-4|openalex_geology_gsa_2003_10.1130_g19686.1|openalex_geology_gsa_2006_10.1130_g22145.1|openalex_geology_gsa_2007_10.1130_g23825a.1|openalex_geology_gsa_2013_10.1130_g33409.1|openalex_geology_gsa_2013_10.1130_g34787.1|openalex_geology_gsa_2017_10.1130_g38715.1|openalex_geology_gsa_2017_10.1130_g39189.1|openalex_geology_gsa_2017_10.1130_g39555.1|openalex_geology_gsa_2025_10.1130_g53151.1|openalex_gondwana_research_2019_10.1016_j.gr.2019.11.001|openalex_j_geol_soc_london_2001_10.1144_0016-764901-030|openalex_j_geol_soc_london_2001_10.1144_jgs.158.2.295|openalex_j_geol_soc_london_2003_10.1144_0016-764902-102|openalex_j_geol_soc_london_2007_10.1144_0016-76492005-191|openalex_polar_record_2012_10.1017_s0032247412000393|openalex_polar_science_2021_10.1016_j.polar.2021.100725|openalex_quaternary_sci_rev_2016_10.1016_j.quascirev.2016.08.002|openalex_tectonics_2000_10.1002_tect.v19.3|openalex_tectonics_2000_10.1029_2000tc900002|openalex_tectonics_2010_10.1029_2009tc002457|openalex_tectonics_2017_10.1002_2017tc004611
South Shetland Islands,47,427,82.08,2,10,8,18,-62.0,-58.0,Island,ATCM39_ATT042_2016_Geoconservation_Attachment|ATCM44_Att111_2022_Antarctic_Climate_Change_Environment|POLAR2018_abstracts|SCAR_OSC_2012_abstracts|SCAR_OSC_2014_COMNAP_abstracts|SCAR_OSC_2016_abstracts|SCAR_OSC_2020_abstracts|SCAR_OSC_2022_abstracts|SCAR_OSC_2024_Pucon_abstracts|openalex_advances_polar_sci_2015_10.13679_j.advps.2015.1.00107|openalex_antarctic_science_2010_10.1017_s0954102010000106|openalex_antarctic_science_2011_10.1017_s0954102011000393|openalex_antarctic_science_2011_10.1017_s0954102011000563|openalex_antarctic_science_2011_10.1017_s0954102011000794|openalex_antarctic_science_2012_10.1017_s0954102012000193|openalex_antarctic_science_2012_10.1017_s0954102012000314|openalex_antarctic_science_2013_10.1017_s0954102012000788|openalex_antarctic_science_2013_10.1017_s0954102012001058|openalex_antarctic_science_2013_10.1017_s0954102013000771|openalex_antarctic_science_2015_10.1017_s0954102015000346|openalex_antarctic_science_2016_10.1017_s0954102015000681|openalex_antarctic_science_2016_10.1017_s0954102016000262|openalex_antarctic_science_2018_10.1017_s095410201800024x|openalex_antarctic_science_2021_10.1017_s0954102021000213|openalex_antarctic_science_2021_10.1017_s095410202100033x|openalex_antarctic_science_2023_10.1017_s095410202300010x|openalex_antarctic_science_2023_10.1017_s0954102023000111|openalex_antarctic_science_2024_10.1017_s0954102024000154|openalex_antarctic_science_2025_10.1017_s0954102025000124|openalex_antarctic_science_2025_10.1017_s0954102025000185|openalex_antarctic_science_2025_10.1017_s0954102025100151|openalex_antarctic_science_2025_10.1017_s095410202510028x|openalex_antarctic_science_2025_10.1017_s0954102025100333|openalex_antarctic_science_2026_10.1017_s0954102026100583|openalex_antarctic_science_2026_10.1017_s0954102026100595|openalex_epsl_2011_10.1016_j.epsl.2010.12.019|openalex_geology_gsa_2000_10.1130_0091-7613_2000_28_1043_bbapna_2.0.co_2|openalex_geology_gsa_2003_10.1130_0091-7613_2003_031_0107_bbeaco_2.0.co_2|openalex_j_geol_soc_london_2023_10.1144_jgs2023-013|openalex_j_geol_soc_london_2025_10.1144_jgs2024-164|openalex_polar_record_2019_10.1017_s0032247419000469|openalex_polar_record_2021_10.1017_s0032247421000152|openalex_polar_science_2018_10.1016_j.polar.2018.02.005|openalex_quaternary_sci_rev_2021_10.1016_j.quascirev.2021.107029|openalex_quaternary_sci_rev_2024_10.1016_j.quascirev.2024.108991|openalex_tectonics_2015_10.1002_2015tc004041|openalex_tectonics_2023_10.1029_2022tc007634
King George Island,43,728,72.73,0,13,9,10,-62.0051389,-58.2866944,Island,ATCM39_ATT042_2016_Geoconservation_Attachment|ATCM44_Att111_2022_Antarctic_Climate_Change_Environment|POLAR2018_PolarExpo_posters|POLAR2018_abstracts|SCAR_OSC_2012_abstracts|SCAR_OSC_2014_COMNAP_abstracts|SCAR_OSC_2016_abstracts|SCAR_OSC_2020_abstracts|SCAR_OSC_2022_abstracts|SCAR_OSC_2024_Pucon_abstracts|SCAR_ResearchDay_2016_abstracts|openalex_advances_polar_sci_2011_10.3724_sp.j.1085.2011.00118|openalex_advances_polar_sci_2015_10.13679_j.advps.2015.1.00080|openalex_advances_polar_sci_2015_W2911944979|openalex_antarctic_science_2010_10.1017_s0954102010000106|openalex_antarctic_science_2010_10.1017_s0954102010000179|openalex_antarctic_science_2011_10.1017_s0954102010000970|openalex_antarctic_science_2011_10.1017_s095410201100006x|openalex_antarctic_science_2011_10.1017_s0954102011000137|openalex_antarctic_science_2011_10.1017_s0954102011000563|openalex_antarctic_science_2012_10.1017_s0954102012000260|openalex_antarctic_science_2013_10.1017_s0954102013000552|openalex_antarctic_science_2013_10.1017_s0954102013000771|openalex_antarctic_science_2014_10.1017_s0954102013000783|openalex_antarctic_science_2014_10.1017_s095410201400056x|openalex_antarctic_science_2015_10.1017_s0954102015000127|openalex_antarctic_science_2016_10.1017_s0954102016000262|openalex_antarctic_science_2017_10.1017_s095410201600064x|openalex_antarctic_science_2017_10.1017_s095410201700030x|openalex_antarctic_science_2018_10.1017_s095410201800024x|openalex_antarctic_science_2021_10.1017_s0954102021000213|openalex_antarctic_science_2021_10.1017_s095410202100033x|openalex_antarctic_science_2021_10.1017_s0954102021000419|openalex_antarctic_science_2022_10.1017_s0954102021000560|openalex_antarctic_science_2022_10.1017_s0954102021000614|openalex_antarctic_science_2024_10.1017_s0954102024000294|openalex_antarctic_science_2025_10.1017_s0954102025000173|openalex_antarctic_science_2025_10.1017_s0954102025100333|openalex_antarctic_science_2026_10.1017_s0954102026100595|openalex_j_geol_soc_london_2010_10.1144_0016-76492009-177|openalex_j_geol_soc_london_2020_10.1144_jgs2020-113|openalex_polar_record_2019_10.1017_s0032247419000469|openalex_polar_science_2018_10.1016_j.polar.2018.02.005
Prydz Bay,30,257,45.84,4,7,4,4,-69.0,76.0,Bay,ATCM39_ATT042_2016_Geoconservation_Attachment|ATCM39_IP031_2016_Antarctic_Geoconservation_Review|Geosite_GF1_Shcherbinina_Layered_Complex|Geosite_GF1_Torckler-Tang|POLAR2018_abstracts|SCAR_OSC_2012_abstracts|SCAR_OSC_2014_COMNAP_abstracts|SCAR_OSC_2016_abstracts|SCAR_OSC_2020_abstracts|SCAR_OSC_2022_abstracts|SCAR_OSC_2024_Pucon_abstracts|openalex_advances_polar_sci_2011_10.3724_sp.j.1085.2011.00049|openalex_advances_polar_sci_2012_10.3724_sp.j.1085.2012.00225|openalex_advances_polar_sci_2013_10.3724_sp.j.1085.2013.00113|openalex_advances_polar_sci_2013_10.3724_sp.j.1085.2013.00153|openalex_advances_polar_sci_2017_10.13679_j.advps.2017.4.00256|openalex_advances_polar_sci_2018_10.13679_j.advps.2018.2.00135|openalex_antarctic_science_2010_10.1017_s0954102010000830|openalex_antarctic_science_2015_10.1017_s0954102015000498|openalex_antarctic_science_2023_10.1017_s0954102023000159|openalex_epsl_2022_10.1016_j.epsl.2022.117532|openalex_geology_gsa_2000_10.1130_0091-7613_2000_28_887_mnfote_2.0.co_2|openalex_geology_gsa_2001_10.1130_0091-7613_2001_029_0463_eptwte_2.0.co_2|openalex_geology_gsa_2004_10.1130_g20275.1|openalex_gondwana_research_2008_10.1016_j.gr.2007.12.007|openalex_gondwana_research_2011_10.1016_j.gr.2011.03.007|openalex_j_geol_soc_london_2013_10.1144_jgs2013-030|openalex_polar_science_2018_10.1016_j.polar.2018.06.002|openalex_polar_science_2023_10.1016_j.polar.2023.101015|openalex_polar_science_2025_10.1016_j.polar.2025.101346
Seymour Island,27,124,41.34,1,5,8,3,-64.2833333,-56.75,Island,ATCM39_ATT042_2016_Geoconservation_Attachment|ATCM43_Att-A_2021_Method_Identification_Antarctic_Geological_Sites|ISAES_2025_EG-GEOCON|POLAR2018_abstracts|SCAR_OSC_2012_abstracts|SCAR_OSC_2014_COMNAP_abstracts|SCAR_OSC_2016_abstracts|SCAR_OSC_2020_abstracts|SCAR_OSC_2022_abstracts|SCAR_OSC_2024_Pucon_abstracts|openalex_advances_polar_sci_2019_10.13679_j.advps.2019.0015|openalex_antarctic_science_2012_10.1017_s095410201200020x|openalex_antarctic_science_2012_10.1017_s0954102012000247|openalex_antarctic_science_2012_10.1017_s0954102012000430|openalex_antarctic_science_2012_10.1017_s095410201200079x|openalex_antarctic_science_2016_10.1017_s0954102016000365|openalex_antarctic_science_2017_10.1017_s0954102017000244|openalex_antarctic_science_2017_10.1017_s0954102017000335|openalex_antarctic_science_2019_10.1017_s095410201800055x|openalex_antarctic_science_2019_10.1017_s0954102019000294|openalex_antarctic_science_2020_10.1017_s0954102020000516|openalex_antarctic_science_2026_10.1017_s0954102025100540|openalex_geology_gsa_2006_10.1130_g22383.1|openalex_geology_gsa_2014_10.1130_g35512.1|openalex_gondwana_research_2015_10.1016_j.gr.2015.10.018|openalex_gondwana_research_2026_10.1016_j.gr.2026.01.010|openalex_polar_record_2017_10.1017_s0032247417000249
Deception Island,27,276,38.18,0,7,4,7,-62.95,-60.633,Island,ATCM44_Att111_2022_Antarctic_Climate_Change_Environment|POLAR2018_abstracts|SCAR_OSC_2012_abstracts|SCAR_OSC_2014_COMNAP_abstracts|SCAR_OSC_2016_abstracts|SCAR_OSC_2020_abstracts|SCAR_OSC_2022_abstracts|SCAR_OSC_2024_Pucon_abstracts|SCAR_ResearchDay_2016_abstracts|openalex_antarctic_science_2011_10.1017_s095410201100006x|openalex_antarctic_science_2011_10.1017_s0954102011000393|openalex_antarctic_science_2011_10.1017_s0954102011000794|openalex_antarctic_science_2012_10.1017_s0954102012000193|openalex_antarctic_science_2012_10.1017_s0954102012000314|openalex_antarctic_science_2013_10.1017_s0954102013000758|openalex_antarctic_science_2016_10.1017_s0954102015000681|openalex_antarctic_science_2017_10.1017_s0954102017000360|openalex_antarctic_science_2017_10.1017_s0954102017000463|openalex_antarctic_science_2024_10.1017_s0954102024000099|openalex_antarctic_science_2025_10.1017_s0954102025000100|openalex_antarctic_science_2025_10.1017_s0954102025000124|openalex_antarctic_science_2025_10.1017_s0954102025100151|openalex_antarctic_science_2025_10.1017_s0954102025100230|openalex_antarctic_science_2026_10.1017_s0954102025100503|openalex_j_geol_soc_london_2014_10.1144_jgs2014-015|openalex_polar_record_2019_10.1017_s0032247419000469|openalex_polar_record_2021_10.1017_s0032247421000152
Prince Charles Mountains,15,31,30.77,3,4,2,1,-71.42711111,67.24611111,Mountain,ATCM39_IP031_2016_Antarctic_Geoconservation_Review|SCAR_OSC_2012_abstracts|SCAR_OSC_2014_COMNAP_abstracts|SCAR_OSC_2016_abstracts|SCAR_OSC_2022_abstracts|openalex_antarctic_science_2012_10.1017_s0954102012000909|openalex_antarctic_science_2013_10.1017_s0954102013000278|openalex_antarctic_science_2015_10.1017_s0954102015000498|openalex_antarctic_science_2024_10.1017_s0954102024000348|openalex_geology_gsa_2001_10.1130_0091-7613_2001_029_0463_eptwte_2.0.co_2|openalex_geology_gsa_2010_10.1130_g31591.1|openalex_gondwana_research_2008_10.1016_j.gr.2007.12.007|openalex_j_geol_soc_london_2019_10.1144_jgs2018-146|openalex_polar_record_2012_10.1017_s0032247412000186|openalex_tectonics_2003_10.1029_2002tc001477
Livingston Island,22,146,28.28,0,7,1,5,-62.6,-60.5,Island,ATCM39_ATT042_2016_Geoconservation_Attachment|ATCM44_Att111_2022_Antarctic_Climate_Change_Environment|POLAR2018_abstracts|SCAR_OSC_2012_abstracts|SCAR_OSC_2014_COMNAP_abstracts|SCAR_OSC_2016_abstracts|SCAR_OSC_2020_abstracts|SCAR_OSC_2022_abstracts|SCAR_OSC_2024_Pucon_abstracts|openalex_antarctic_science_2013_10.1017_s0954102012000776|openalex_antarctic_science_2013_10.1017_s0954102012000788|openalex_antarctic_science_2013_10.1017_s0954102012000831|openalex_antarctic_science_2013_10.1017_s0954102012000922|openalex_antarctic_science_2013_10.1017_s0954102012001058|openalex_antarctic_science_2013_10.1017_s0954102012001228|openalex_antarctic_science_2013_10.1017_s095410201300076x|openalex_antarctic_science_2016_10.1017_s0954102015000681|openalex_antarctic_science_2025_10.1017_s0954102025000185|openalex_antarctic_science_2025_10.1017_s095410202510028x|openalex_antarctic_science_2026_10.1017_s0954102026100583|openalex_quaternary_sci_rev_2021_10.1016_j.quascirev.2021.107029|openalex_quaternary_sci_rev_2024_10.1016_j.quascirev.2024.108991
Bunger Hills,15,64,23.56,0,1,1,8,-66.16669444,100.88330556,Hill,SCAR_OSC_2012_abstracts|SCAR_OSC_2014_COMNAP_abstracts|SCAR_OSC_2020_abstracts|SCAR_OSC_2022_abstracts|SCAR_OSC_2024_Pucon_abstracts|openalex_antarctic_science_2016_10.1017_s095410201600033x|openalex_antarctic_science_2020_10.1017_s095410201900035x|openalex_antarctic_science_2020_10.1017_s0954102019000403|openalex_antarctic_science_2020_10.1017_s0954102019000476|openalex_antarctic_science_2020_10.1017_s0954102020000012|openalex_antarctic_science_2020_10.1017_s0954102020000073|openalex_antarctic_science_2020_10.1017_s0954102020000115|openalex_antarctic_science_2025_10.1017_s095410202400049x|openalex_quaternary_sci_rev_2013_10.1016_j.quascirev.2013.07.024|openalex_tectonics_2020_10.1029_2020tc006180
James Ross Island,20,140,20.99,0,4,1,4,-64.15,-57.75,Island,ATCM39_ATT042_2016_Geoconservation_Attachment|ATCM39_IP031_2016_Antarctic_Geoconservation_Review|ATCM43_Att-A_2021_Method_Identification_Antarctic_Geological_Sites|POLAR2018_PolarExpo_posters|POLAR2018_abstracts|SCAR_OSC_2012_abstracts|SCAR_OSC_2014_COMNAP_abstracts|SCAR_OSC_2016_abstracts|SCAR_OSC_2020_abstracts|SCAR_OSC_2022_abstracts|SCAR_OSC_2024_Pucon_abstracts|openalex_antarctic_science_2011_10.1017_s0954102010000842|openalex_antarctic_science_2012_10.1017_s0954102012000934|openalex_antarctic_science_2013_10.1017_s095410201300076x|openalex_antarctic_science_2014_10.1017_s0954102014000819|openalex_antarctic_science_2019_10.1017_s0954102019000178|openalex_antarctic_science_2021_10.1017_s0954102021000389|openalex_antarctic_science_2024_10.1017_s0954102024000154|openalex_epsl_2024_10.1016_j.epsl.2024.118803|openalex_quaternary_sci_rev_2024_10.1016_j.quascirev.2024.108693
Lambert Glacier,11,33,18.33,2,3,0,0,-73.0653,67.4898,Glacier,POLAR2018_abstracts|SCAR_OSC_2012_abstracts|SCAR_OSC_2014_COMNAP_abstracts|SCAR_OSC_2016_abstracts|SCAR_OSC_2022_abstracts|SCAR_OSC_2024_Pucon_abstracts|openalex_antarctic_science_2011_10.1017_s0954102011000630|openalex_antarctic_science_2012_10.1017_s0954102011000897|openalex_epsl_2006_10.1016_j.epsl.2006.01.031|openalex_geology_gsa_2000_10.1130_0091-7613_2000_28_887_mnfote_2.0.co_2|openalex_geology_gsa_2010_10.1130_g31591.1
Ellsworth Mountains,14,75,17.99,0,1,3,2,-79.0,-84.5,Mountain,ATCM39_ATT042_2016_Geoconservation_Attachment|POLAR2018_abstracts|SCAR_OSC_2012_abstracts|SCAR_OSC_2014_COMNAP_abstracts|SCAR_OSC_2016_abstracts|SCAR_OSC_2020_abstracts|SCAR_OSC_2022_abstracts|SCAR_OSC_2024_Pucon_abstracts|openalex_epsl_2017_10.1016_j.epsl.2017.04.006|openalex_epsl_2018_10.1016_j.epsl.2018.08.018|openalex_geology_gsa_2011_10.1130_g31920.1|openalex_j_geol_soc_london_2020_10.1144_jgs2020-113|openalex_j_geol_soc_london_2025_10.1144_jgs2024-282|openalex_quaternary_sci_rev_2017_10.1016_j.quascirev.2016.09.028
Alexander Island,10,24,17.83,1,1,2,3,-71.0,-70.0,Island,SCAR_OSC_2014_COMNAP_abstracts|SCAR_OSC_2016_abstracts|SCAR_OSC_2020_abstracts|openalex_antarctic_science_2025_10.1017_s0954102025100321|openalex_j_geol_soc_london_2001_10.1144_jgs.158.2.219|openalex_j_geol_soc_london_2015_10.1144_jgs2014-134|openalex_j_geol_soc_london_2022_10.1144_jgs2022-067|openalex_quaternary_sci_rev_2012_10.1016_j.quascirev.2012.01.008|openalex_quaternary_sci_rev_2017_10.1016_j.quascirev.2017.10.016|openalex_tectonics_2023_10.1029_2022tc007578
Larsemann Hills,18,142,17.74,0,4,1,4,-69.39488311,76.17333532,Hill,ATCM39_ATT042_2016_Geoconservation_Attachment|ATCM39_IP031_2016_Antarctic_Geoconservation_Review|POLAR2018_abstracts|SCAR_OSC_2012_abstracts|SCAR_OSC_2014_COMNAP_abstracts|SCAR_OSC_2016_abstracts|SCAR_OSC_2020_abstracts|SCAR_OSC_2022_abstracts|SCAR_OSC_2024_Pucon_abstracts|openalex_advances_polar_sci_2010_W2912811075|openalex_advances_polar_sci_2013_10.3724_sp.j.1085.2013.00281|openalex_advances_polar_sci_2019_10.13679_j.advps.2019.1.00035|openalex_advances_polar_sci_2021_10.13679_j.advps.2020.0034|openalex_antarctic_science_2011_10.1017_s0954102011000642|openalex_polar_science_2021_10.1016_j.polar.2021.100729|openalex_polar_science_2023_10.1016_j.polar.2023.100982|openalex_polar_science_2025_10.1016_j.polar.2025.101214|openalex_quaternary_sci_rev_2013_10.1016_j.quascirev.2013.07.024
Thurston Island,6,14,17.48,0,0,4,2,-72.5,-100.0,Island,openalex_antarctic_science_2016_10.1017_s0954102016000341|openalex_antarctic_science_2024_10.1017_s0954102023000287|openalex_tectonics_2016_10.1002_2016tc004236|openalex_tectonics_2017_10.1002_2017tc004611|openalex_tectonics_2019_10.1029_2018tc005150|openalex_tectonics_2023_10.1029_2022tc007578
Pine Island Bay,9,34,16.08,0,3,1,0,-74.75,-102.0,Bay,POLAR2018_abstracts|SCAR_OSC_2012_abstracts|SCAR_OSC_2014_COMNAP_abstracts|SCAR_OSC_2016_abstracts|SCAR_OSC_2020_abstracts|openalex_antarctic_science_2012_10.1017_s0954102012000259|openalex_geology_gsa_2011_10.1130_g32153.1|openalex_geology_gsa_2012_10.1130_g33469.1|openalex_tectonics_2016_10.1002_2016tc004236
Marguerite Bay,13,56,15.71,0,2,1,3,-68.5,-68.5,Bay,POLAR2018_abstracts|SCAR_OSC_2012_abstracts|SCAR_OSC_2014_COMNAP_abstracts|SCAR_OSC_2016_abstracts|SCAR_OSC_2020_abstracts|SCAR_OSC_2022_abstracts|SCAR_OSC_2024_Pucon_abstracts|openalex_antarctic_science_2012_10.1017_s0954102012000892|openalex_antarctic_science_2021_10.1017_s0954102021000055|openalex_antarctic_science_2025_10.1017_s0954102025100394|openalex_quaternary_sci_rev_2013_10.1016_j.quascirev.2013.02.002|openalex_quaternary_sci_rev_2016_10.1016_j.quascirev.2016.10.014|openalex_quaternary_sci_rev_2021_10.1016_j.quascirev.2021.107195
Fildes Peninsula,18,185,15.17,0,4,5,0,-62.1821389,-58.9481389,Peninsula,ATCM39_ATT042_2016_Geoconservation_Attachment|ATCM39_IP031_2016_Antarctic_Geoconservation_Review|POLAR2018_abstracts|SCAR_OSC_2012_abstracts|SCAR_OSC_2014_COMNAP_abstracts|SCAR_OSC_2016_abstracts|SCAR_OSC_2020_abstracts|SCAR_OSC_2022_abstracts|SCAR_OSC_2024_Pucon_abstracts|openalex_advances_polar_sci_2011_10.3724_sp.j.1085.2011.00118|openalex_advances_polar_sci_2015_10.13679_j.advps.2015.1.00080|openalex_advances_polar_sci_2015_10.13679_j.advps.2015.4.00274|openalex_advances_polar_sci_2015_W2911944979|openalex_antarctic_science_2011_10.1017_s0954102011000563|openalex_antarctic_science_2012_10.1017_s0954102012000260|openalex_antarctic_science_2013_10.1017_s0954102013000771|openalex_antarctic_science_2015_10.1017_s0954102015000127|openalex_antarctic_science_2017_10.1017_s095410201700030x
Robertson Bay,10,28,14.17,2,1,0,2,-71.4166667,170.0,Bay,POLAR2018_abstracts|SCAR_OSC_2014_COMNAP_abstracts|SCAR_OSC_2016_abstracts|SCAR_OSC_2020_abstracts|SCAR_OSC_2022_abstracts|openalex_antarctic_science_2011_10.1017_s0954102010000969|openalex_j_geol_soc_london_2001_10.1144_jgs.158.2.295|openalex_j_geol_soc_london_2009_10.1144_0016-76492008-098|openalex_quaternary_sci_rev_2024_10.1016_j.quascirev.2024.108629|openalex_quaternary_sci_rev_2024_10.1016_j.quascirev.2024.108635
Ross Island,14,110,13.69,0,2,1,2,-77.5,168.0,Island,ATCM39_ATT042_2016_Geoconservation_Attachment|ATCM39_IP031_2016_Antarctic_Geoconservation_Review|POLAR2018_abstracts|SCAR_OSC_2012_abstracts|SCAR_OSC_2014_COMNAP_abstracts|SCAR_OSC_2016_abstracts|SCAR_OSC_2020_abstracts|SCAR_OSC_2022_abstracts|SCAR_OSC_2024_Pucon_abstracts|openalex_antarctic_science_2010_10.1017_s0954102010000027|openalex_antarctic_science_2020_10.1017_s0954102020000553|openalex_geology_gsa_2015_10.1130_g37315.1|openalex_polar_record_2023_10.1017_s0032247423000232|openalex_quaternary_sci_rev_2013_10.1016_j.quascirev.2013.08.020
Admiralty Bay,13,187,13.5,0,2,0,4,-62.1069444,-58.4214167,Bay,POLAR2018_abstracts|SCAR_OSC_2012_abstracts|SCAR_OSC_2014_COMNAP_abstracts|SCAR_OSC_2016_abstracts|SCAR_OSC_2020_abstracts|SCAR_OSC_2022_abstracts|SCAR_OSC_2024_Pucon_abstracts|openalex_antarctic_science_2010_10.1017_s0954102010000106|openalex_antarctic_science_2013_10.1017_s0954102013000552|openalex_antarctic_science_2021_10.1017_s0954102021000213|openalex_antarctic_science_2022_10.1017_s0954102021000560|openalex_antarctic_science_2022_10.1017_s0954102021000614|openalex_antarctic_science_2025_10.1017_s0954102025000173
Pensacola Mountains,8,14,13.3,2,0,2,1,-83.75,-55.0,Mountain,POLAR2018_abstracts|SCAR_OSC_2016_abstracts|SCAR_OSC_2024_Pucon_abstracts|openalex_antarctic_science_2018_10.1017_s0954102017000517|openalex_antarctic_science_2021_10.1017_s0954102021000237|openalex_j_geol_soc_london_2001_10.1144_jgs.158.2.295|openalex_j_geol_soc_london_2003_10.1144_0016-764902-102|openalex_quaternary_sci_rev_2017_10.1016_j.quascirev.2016.09.028
Thwaites Glacier,12,76,12.96,0,2,1,2,-75.5,-106.75,Glacier,ATCM44_Att111_2022_Antarctic_Climate_Change_Environment|POLAR2018_abstracts|SCAR_OSC_2012_abstracts|SCAR_OSC_2016_abstracts|SCAR_OSC_2020_abstracts|SCAR_OSC_2022_abstracts|SCAR_OSC_2024_Pucon_abstracts|openalex_antarctic_science_2011_10.1017_s0954102011000320|openalex_antarctic_science_2024_10.1017_s0954102023000287|openalex_polar_record_2023_10.1017_s0032247423000232|openalex_quaternary_sci_rev_2013_10.1016_j.quascirev.2013.07.030|openalex_tectonics_2016_10.1002_2016tc004236
McMurdo Sound,11,141,12.52,0,1,3,0,-77.5,165.0,Sound,POLAR2018_abstracts|SCAR_OSC_2012_abstracts|SCAR_OSC_2014_COMNAP_abstracts|SCAR_OSC_2016_abstracts|SCAR_OSC_2020_abstracts|SCAR_OSC_2022_abstracts|SCAR_OSC_2024_Pucon_abstracts|openalex_antarctic_science_2013_10.1017_s0954102013000072|openalex_antarctic_science_2016_10.1017_s095410201600002x|openalex_antarctic_science_2016_10.1017_s0954102016000171|openalex_geology_gsa_2015_10.1130_g37315.1
Taylor Valley,14,114,12.24,0,5,0,1,-77.6166667,163.0,Valley,ATCM39_ATT042_2016_Geoconservation_Attachment|POLAR2018_abstracts|SCAR_OSC_2012_abstracts|SCAR_OSC_2014_COMNAP_abstracts|SCAR_OSC_2016_abstracts|SCAR_OSC_2020_abstracts|SCAR_OSC_2022_abstracts|SCAR_OSC_2024_Pucon_abstracts|openalex_antarctic_science_2010_10.1017_s0954102010000234|openalex_antarctic_science_2010_10.1017_s0954102010000556|openalex_antarctic_science_2011_10.1017_s0954102011000125|openalex_antarctic_science_2013_10.1017_s095410201300045x|openalex_antarctic_science_2014_10.1017_s0954102014000534|openalex_antarctic_science_2025_10.1017_s0954102025000094
Grove Mountains,17,73,10.32,0,7,3,0,-72.75,75.0,Mountain,ATCM39_ATT042_2016_Geoconservation_Attachment|ATCM39_IP031_2016_Antarctic_Geoconservation_Review|POLAR2018_abstracts|SCAR_OSC_2012_abstracts|SCAR_OSC_2014_COMNAP_abstracts|SCAR_OSC_2022_abstracts|SCAR_OSC_2024_Pucon_abstracts|openalex_advances_polar_sci_2010_W2911816432|openalex_advances_polar_sci_2010_W2913687367|openalex_advances_polar_sci_2011_10.3724_sp.j.1085.2011.00081|openalex_advances_polar_sci_2011_10.3724_sp.j.1085.2011.00199|openalex_advances_polar_sci_2012_10.3724_sp.j.1085.2012.00025|openalex_advances_polar_sci_2014_10.13679_j.advps.2014.1.00026|openalex_advances_polar_sci_2018_10.13679_j.advps.2018.2.000118|openalex_advances_polar_sci_2018_10.13679_j.advps.2018.2.00108|openalex_advances_polar_sci_2018_10.13679_j.advps.2018.2.00144|openalex_geology_gsa_2010_10.1130_g31172x.1
Vestfold Hills,19,89,10.07,0,0,1,6,-68.55,78.25,Hill,ATCM39_IP031_2016_Antarctic_Geoconservation_Review|Geosite_GF1_Shcherbinina_Layered_Complex|Geosite_GF1_Taynaya_Paragneiss|Geosite_GF1_Torckler-Tang|ISAES_2025_EG-GEOCON|POLAR2018_abstracts|SCAR_OSC_2012_abstracts|SCAR_OSC_2014_COMNAP_abstracts|SCAR_OSC_2016_abstracts|SCAR_OSC_2020_abstracts|SCAR_OSC_2022_abstracts|SCAR_OSC_2024_Pucon_abstracts|openalex_antarctic_science_2015_10.1017_s0954102015000371|openalex_antarctic_science_2024_10.1017_s0954102023000408|openalex_antarctic_science_2024_10.1017_s0954102024000282|openalex_antarctic_science_2025_10.1017_s0954102025100254|openalex_antarctic_science_2025_10.1017_s0954102025100345|openalex_polar_science_2023_10.1016_j.polar.2023.101004|openalex_polar_science_2023_10.1016_j.polar.2023.101015
South Orkney Islands,10,89,9.19,0,2,1,0,-60.5833333,-45.5,Island,POLAR2018_abstracts|SCAR_OSC_2012_abstracts|SCAR_OSC_2014_COMNAP_abstracts|SCAR_OSC_2016_abstracts|SCAR_OSC_2020_abstracts|SCAR_OSC_2022_abstracts|SCAR_OSC_2024_Pucon_abstracts|openalex_antarctic_science_2012_10.1017_s0954102012000582|openalex_antarctic_science_2013_10.1017_s0954102013000606|openalex_epsl_2016_10.1016_j.epsl.2016.10.045
Signy Island,12,99,9.11,0,2,0,2,-60.7166667,-45.6333333,Island,ATCM44_Att111_2022_Antarctic_Climate_Change_Environment|POLAR2018_abstracts|SCAR_OSC_2012_abstracts|SCAR_OSC_2014_COMNAP_abstracts|SCAR_OSC_2016_abstracts|SCAR_OSC_2020_abstracts|SCAR_OSC_2022_abstracts|SCAR_OSC_2024_Pucon_abstracts|openalex_antarctic_science_2012_10.1017_s0954102012000582|openalex_antarctic_science_2013_10.1017_s0954102013000606|openalex_antarctic_science_2020_10.1017_s0954102020000607|openalex_antarctic_science_2021_10.1017_s0954102021000390
Whitmore Mountains,5,10,8.96,1,0,1,0,-82.5,-104.0,Mountain,SCAR_OSC_2012_abstracts|SCAR_OSC_2014_COMNAP_abstracts|SCAR_OSC_2016_abstracts|openalex_epsl_2016_10.1016_j.epsl.2016.10.045|openalex_j_geol_soc_london_2001_10.1144_0016-764900-139
Anvers Island,11,39,8.63,0,1,1,1,-64.5833333,-63.5,Island,ATCM44_Att111_2022_Antarctic_Climate_Change_Environment|POLAR2018_abstracts|SCAR_OSC_2012_abstracts|SCAR_OSC_2014_COMNAP_abstracts|SCAR_OSC_2016_abstracts|SCAR_OSC_2020_abstracts|SCAR_OSC_2022_abstracts|SCAR_OSC_2024_Pucon_abstracts|openalex_antarctic_science_2017_10.1017_s095410201700013x|openalex_geology_gsa_2010_10.1130_g30932.1|openalex_quaternary_sci_rev_2022_10.1016_j.quascirev.2022.107590
Wright Valley,9,33,7.98,1,0,1,1,-77.5166667,161.8333333,Valley,POLAR2018_abstracts|SCAR_OSC_2012_abstracts|SCAR_OSC_2014_COMNAP_abstracts|SCAR_OSC_2016_abstracts|SCAR_OSC_2022_abstracts|SCAR_OSC_2024_Pucon_abstracts|openalex_antarctic_science_2019_10.1017_s0954102019000129|openalex_antarctic_science_2020_10.1017_s0954102020000139|openalex_geology_gsa_2006_10.1130_g22145.1
Vega Island,8,34,7.93,0,0,2,1,-63.8333333,-57.3666667,Island,SCAR_OSC_2012_abstracts|SCAR_OSC_2014_COMNAP_abstracts|SCAR_OSC_2016_abstracts|SCAR_OSC_2020_abstracts|SCAR_OSC_2024_Pucon_abstracts|openalex_antarctic_science_2017_10.1017_s0954102017000050|openalex_antarctic_science_2017_10.1017_s0954102017000116|openalex_antarctic_science_2020_10.1017_s0954102020000504
Maxwell Bay,10,72,7.93,0,2,0,1,-62.2228611,-58.8586667,Bay,POLAR2018_abstracts|SCAR_OSC_2012_abstracts|SCAR_OSC_2014_COMNAP_abstracts|SCAR_OSC_2016_abstracts|SCAR_OSC_2020_abstracts|SCAR_OSC_2022_abstracts|SCAR_OSC_2024_Pucon_abstracts|openalex_antarctic_science_2011_10.1017_s095410201100006x|openalex_antarctic_science_2014_10.1017_s095410201400056x|openalex_antarctic_science_2026_10.1017_s0954102026100595
Frontier Mountain,5,5,7.47,2,0,0,0,-72.9833333,160.3333333,Mountain,ATCM39_ATT042_2016_Geoconservation_Attachment|ATCM39_IP031_2016_Antarctic_Geoconservation_Review|SCAR_OSC_2016_abstracts|openalex_epsl_2008_10.1016_j.epsl.2008.03.052|openalex_quaternary_sci_rev_2008_10.1016_j.quascirev.2007.11.017
Beardmore Glacier,7,14,7.47,1,1,0,1,-83.75,171.0,Glacier,SCAR_OSC_2014_COMNAP_abstracts|SCAR_OSC_2016_abstracts|SCAR_OSC_2020_abstracts|SCAR_OSC_2022_abstracts|openalex_antarctic_science_2011_10.1017_s0954102010000994|openalex_antarctic_science_2024_10.1017_s0954102024000348|openalex_j_geol_soc_london_2001_10.1144_0016-764901-030
Ross Archipelago,5,6,6.87,0,0,1,2,-77.5,167.0,Archipelago,SCAR_OSC_2012_abstracts|SCAR_OSC_2024_Pucon_abstracts|openalex_antarctic_science_2016_10.1017_s0954102016000365|openalex_antarctic_science_2020_10.1017_s0954102020000504|openalex_antarctic_science_2024_10.1017_s0954102024000154
Fourcade Glacier,7,10,6.55,0,0,1,1,-62.2166667,-58.6666667,Glacier,POLAR2018_abstracts|SCAR_OSC_2014_COMNAP_abstracts|SCAR_OSC_2016_abstracts|SCAR_OSC_2020_abstracts|SCAR_OSC_2024_Pucon_abstracts|openalex_antarctic_science_2016_10.1017_s0954102016000262|openalex_antarctic_science_2021_10.1017_s0954102020000668
Adelaide Island,9,31,6.13,0,2,0,0,-67.25,-68.5,Island,POLAR2018_abstracts|SCAR_OSC_2012_abstracts|SCAR_OSC_2014_COMNAP_abstracts|SCAR_OSC_2016_abstracts|SCAR_OSC_2020_abstracts|SCAR_OSC_2022_abstracts|SCAR_OSC_2024_Pucon_abstracts|openalex_antarctic_science_2010_10.1017_s0954102010000015|openalex_antarctic_science_2012_10.1017_s0954102012000867
Mount Erebus,9,24,5.98,0,1,1,0,-77.53333333,167.16666667,Mountain,POLAR2018_abstracts|SCAR_OSC_2012_abstracts|SCAR_OSC_2016_abstracts|SCAR_OSC_2020_abstracts|SCAR_OSC_2022_abstracts|SCAR_OSC_2024_Pucon_abstracts|SCAR_ResearchDay_2016_abstracts|openalex_antarctic_science_2013_10.1017_s0954102013000436|openalex_antarctic_science_2016_10.1017_s095410201500067x
Lützow-Holm Bay,9,27,5.32,0,0,1,1,-69.1666667,37.5,Bay,POLAR2018_abstracts|SCAR_OSC_2012_abstracts|SCAR_OSC_2014_COMNAP_abstracts|SCAR_OSC_2016_abstracts|SCAR_OSC_2020_abstracts|SCAR_OSC_2022_abstracts|SCAR_OSC_2024_Pucon_abstracts|openalex_polar_science_2018_10.1016_j.polar.2018.11.010|openalex_quaternary_sci_rev_2020_10.1016_j.quascirev.2020.106540
Denman Glacier,7,31,5.14,0,0,1,1,-66.75,99.4167,Glacier,POLAR2018_abstracts|SCAR_OSC_2014_COMNAP_abstracts|SCAR_OSC_2020_abstracts|SCAR_OSC_2022_abstracts|SCAR_OSC_2024_Pucon_abstracts|openalex_antarctic_science_2016_10.1017_s095410201600033x|openalex_polar_science_2020_10.1016_j.polar.2020.100587
Mackay Glacier,6,11,5.14,0,1,0,1,-76.9666667,162.0,Glacier,POLAR2018_abstracts|SCAR_OSC_2014_COMNAP_abstracts|SCAR_OSC_2016_abstracts|SCAR_OSC_2020_abstracts|openalex_antarctic_science_2013_10.1017_s0954102013000205|openalex_geology_gsa_2020_10.1130_g48347.1
Greenwich Island,9,31,4.93,0,0,2,1,-62.5,-59.783,Island,POLAR2018_abstracts|SCAR_OSC_2012_abstracts|SCAR_OSC_2014_COMNAP_abstracts|SCAR_OSC_2016_abstracts|SCAR_OSC_2022_abstracts|SCAR_OSC_2024_Pucon_abstracts|openalex_advances_polar_sci_2015_10.13679_j.advps.2015.1.00107|openalex_advances_polar_sci_2015_W2911944979|openalex_quaternary_sci_rev_2021_10.1016_j.quascirev.2021.107195
Hobbs Glacier,5,11,4.88,0,1,2,0,-64.2833333,-57.45,Glacier,SCAR_OSC_2012_abstracts|SCAR_OSC_2014_COMNAP_abstracts|openalex_antarctic_science_2011_10.1017_s0954102010000842|openalex_antarctic_science_2017_10.1017_s0954102017000335|openalex_antarctic_science_2019_10.1017_s0954102019000294
Pacific-Antarctic Ridge,5,6,4.8,1,0,0,1,-62.0,-157.0,Ridge,POLAR2018_abstracts|SCAR_OSC_2020_abstracts|SCAR_OSC_2022_abstracts|openalex_geology_gsa_2007_10.1130_g23432a.1|openalex_geology_gsa_2022_10.1130_g50556.1
Small Island,5,6,4.79,0,1,2,0,-64.0166667,-61.45,Island,SCAR_OSC_2012_abstracts|SCAR_OSC_2022_abstracts|openalex_advances_polar_sci_2019_10.13679_j.advps.2019.0015|openalex_polar_record_2012_10.1017_s0032247412000101|openalex_polar_record_2019_10.1017_s0032247419000135
Shackleton Glacier,5,12,4.68,0,1,0,1,-84.5833333,-176.3333333,Glacier,SCAR_OSC_2014_COMNAP_abstracts|SCAR_OSC_2020_abstracts|SCAR_OSC_2022_abstracts|openalex_antarctic_science_2022_10.1017_s0954102022000013|openalex_tectonics_2010_10.1029_2009tc002457
Windmill Islands,11,43,4.56,0,1,1,1,-66.35,110.4166944,Island,ATCM44_Att111_2022_Antarctic_Climate_Change_Environment|POLAR2018_abstracts|SCAR_OSC_2012_abstracts|SCAR_OSC_2014_COMNAP_abstracts|SCAR_OSC_2016_abstracts|SCAR_OSC_2020_abstracts|SCAR_OSC_2022_abstracts|SCAR_OSC_2024_Pucon_abstracts|openalex_antarctic_science_2012_10.1017_s0954102012000235|openalex_antarctic_science_2016_10.1017_s0954102015000565|openalex_quaternary_sci_rev_2025_10.1016_j.quascirev.2025.109488
Penguin Island,6,16,4.56,0,0,1,2,-62.1024167,-57.9258056,Island,SCAR_OSC_2012_abstracts|SCAR_OSC_2022_abstracts|SCAR_OSC_2024_Pucon_abstracts|openalex_antarctic_science_2016_10.1017_s0954102016000274|openalex_antarctic_science_2023_10.1017_s0954102023000111|openalex_polar_record_2021_10.1017_s0032247421000152
Inexpressible Island,6,11,4.5,0,0,2,0,-74.9,163.65,Island,ATCM44_Att111_2022_Antarctic_Climate_Change_Environment|SCAR_OSC_2012_abstracts|SCAR_OSC_2014_COMNAP_abstracts|SCAR_OSC_2020_abstracts|openalex_advances_polar_sci_2016_10.13679_j.advps.2016.4.00233|openalex_advances_polar_sci_2019_10.13679_j.advps.2019.1.00052
Taylor Glacier,9,58,4.44,0,1,1,0,-67.4493,60.8504,Glacier,POLAR2018_abstracts|SCAR_OSC_2012_abstracts|SCAR_OSC_2014_COMNAP_abstracts|SCAR_OSC_2016_abstracts|SCAR_OSC_2020_abstracts|SCAR_OSC_2022_abstracts|SCAR_OSC_2024_Pucon_abstracts|openalex_antarctic_science_2014_10.1017_s0954102014000534|openalex_antarctic_science_2017_10.1017_s0954102016000687
Ulu Peninsula,6,26,4.29,0,1,0,0,-63.9333333,-58.0833333,Peninsula,POLAR2018_abstracts|SCAR_OSC_2012_abstracts|SCAR_OSC_2014_COMNAP_abstracts|SCAR_OSC_2016_abstracts|SCAR_OSC_2024_Pucon_abstracts|openalex_antarctic_science_2012_10.1017_s0954102012000934
Balleny Islands,5,15,4.08,0,0,0,1,-66.9166667,163.3333333,Island,POLAR2018_abstracts|SCAR_OSC_2016_abstracts|SCAR_OSC_2020_abstracts|SCAR_OSC_2024_Pucon_abstracts|openalex_epsl_2021_10.1016_j.epsl.2021.116967
Shackleton Range,6,23,4.04,1,0,0,0,-80.5,-25.0,Range,POLAR2018_abstracts|SCAR_OSC_2014_COMNAP_abstracts|SCAR_OSC_2016_abstracts|SCAR_OSC_2020_abstracts|SCAR_OSC_2024_Pucon_abstracts|openalex_geology_gsa_2004_10.1130_g19795.1
Trinity Peninsula,9,15,4.03,1,0,0,1,-63.6166667,-58.3333333,Peninsula,POLAR2018_abstracts|SCAR_OSC_2012_abstracts|SCAR_OSC_2014_COMNAP_abstracts|SCAR_OSC_2016_abstracts|SCAR_OSC_2020_abstracts|SCAR_OSC_2022_abstracts|SCAR_OSC_2024_Pucon_abstracts|openalex_j_geol_soc_london_2001_10.1144_jgs.158.2.219|openalex_j_geol_soc_london_2025_10.1144_jgs2024-164
Bingen,5,27,3.97,1,0,0,0,-72.6666667,-3.3333333,Cirque,POLAR2018_abstracts|SCAR_OSC_2016_abstracts|SCAR_OSC_2020_abstracts|SCAR_OSC_2024_Pucon_abstracts|openalex_geology_gsa_2002_10.1130_0091-7613_2002_030_0435_bfrohd_2.0.co_2
Chapel Hill,6,13,3.91,1,0,0,0,-63.6833333,-57.9666667,Hill,POLAR2018_abstracts|SCAR_OSC_2014_COMNAP_abstracts|SCAR_OSC_2016_abstracts|SCAR_OSC_2020_abstracts|SCAR_OSC_2024_Pucon_abstracts|openalex_geology_gsa_2007_10.1130_g23387a.1
Joinville Island,6,7,3.83,0,0,0,1,-63.25,-55.75,Island,SCAR_OSC_2012_abstracts|SCAR_OSC_2014_COMNAP_abstracts|SCAR_OSC_2020_abstracts|SCAR_OSC_2022_abstracts|SCAR_OSC_2024_Pucon_abstracts|openalex_quaternary_sci_rev_2021_10.1016_j.quascirev.2021.107195
Hurd Peninsula,7,20,3.81,0,0,0,2,-62.6758889,-60.3663611,Peninsula,POLAR2018_abstracts|SCAR_OSC_2012_abstracts|SCAR_OSC_2014_COMNAP_abstracts|SCAR_OSC_2020_abstracts|SCAR_OSC_2024_Pucon_abstracts|openalex_quaternary_sci_rev_2021_10.1016_j.quascirev.2021.107029|openalex_quaternary_sci_rev_2024_10.1016_j.quascirev.2024.108991
